[
{"HP":9,"Stats":{"Charisma":6,"Dexterity":3,"Wisdom":5,"Intelligence":4,"Strength":4,"Constitution":5},"Class":"Class: Barbarian (uses 12D dice to roll hp)","Name":"aaaaa","Race":"com.dnd.race.Human@16d7560a"}
,{"HP":10,"Stats":{"Charisma":4,"Dexterity":1,"Wisdom":1,"Intelligence":2,"Strength":6,"Constitution":6},"Class":"Class: Barbarian (uses 12D dice to roll hp)","Name":"aaaaa","Race":"com.dnd.race.Human@1a1466d7"}
,{"HP":8,"Stats":{"Charisma":4,"Dexterity":1,"Wisdom":5,"Intelligence":1,"Strength":3,"Constitution":3},"Class":"Class: Barbarian (uses 12D dice to roll hp)","Name":"aaaaa","Race":"com.dnd.race.Human@51c3cbe1"}
,{"HP":8,"Stats":{"Charisma":4,"Dexterity":3,"Wisdom":3,"Intelligence":2,"Strength":3,"Constitution":3},"Class":"Class: Barbarian (uses 12D dice to roll hp)","Name":"aaaaa","Race":"com.dnd.race.Human@91b749c"}

]